9aa0b4bb-eacb-443a-9ae5-770b4606235f,2407869736
b886a3c1-8b31-42d1-941d-2682da7f48ab,6022003444
5a702f4b-f500-4342-803a-979446131437,5277593748
916ae5f1-5f14-4141-9fc5-e84ed7e80d72,9555333383
8f371427-6871-4128-9e42-99bdefeb2c67,2417934799
fa67803b-9cf5-4a49-bcdd-e24ac48449f1,9971674580
5e28929f-1f2c-473b-85b4-6f90e4036589,9821393559
71503635-a179-47ed-9baa-45a6bd44ec37,7333530262
d5032d62-a891-4753-9459-ca1b8e27cd3e,7484618452
5525e652-8a9d-47cc-9efd-f4e85ec2fbea,7382675894
c7dc5ec8-e32a-4f59-b30b-71c42b045c7a,9917521129
4acaee5d-ff3c-4b80-b33c-c9ffe235ab21,1524734128
e060517f-509e-4980-8c42-c43572ea8f85,9150988947
694f2808-cb4b-44d8-b107-728523f72a0a,3833381447
c02fcb1a-bea6-4a9e-b0e7-28bda589ca99,2951822264
be61e996-4c59-43f1-8a6e-73d0b9e9717f,3445281668
6440860b-c5d6-47d6-988a-bd3d72f54b50,5621199764
225783c1-00a8-4b99-8829-1960602714d9,2349114694
b851647e-9fc5-480b-846f-6cb8e603ed7a,5545750151
968da17d-2fc6-400b-93b0-50dd46c2430b,2943137711